sample_index,time_s,sensor_1,sensor_2,sensor_3,sensor_4,line_position_weighted,line_pos_firmware,motor_a_pwm,motor_b_pwm,line_lost,local_mode,manual_lap_count,manual_lap_marked,guide_x_cm,guide_y_cm,predicted_x_cm,predicted_y_cm
0,0.126,118.0,994.0,994.0,165.0,0.031043593130779392,31.0,239.0,60.0,0,straight,0,0,99.10089487338978,107.40403227158839,103.99566424718627,101.45325031012142
1,0.376,36.0,636.0,935.0,70.0,0.1195587358378056,119.0,162.0,86.0,0,straight,0,0,110.72407964043087,101.90822396817502,104.56357741924943,98.10055005229698
2,0.626,771.0,33.0,25.0,27.0,-1.308411214953271,-1308.0,60.0,67.0,0,left_hard,0,0,106.97498030710447,91.72977764538412,101.71877491179518,94.65122775648776
3,0.878,48.0,919.0,929.0,857.0,0.4426080639302579,442.0,195.0,0.0,0,right_soft,0,0,97.49971369985859,83.85603960008622,96.01432102148462,95.79423821868289
4,1.129,877.0,34.0,34.0,36.0,-1.2859327217125383,-1285.0,103.0,60.0,0,left_hard,0,0,84.32887570694244,87.26421244853098,85.09470390263657,87.40600637967472
5,1.379,23.0,34.0,836.0,902.0,0.9579387186629527,957.0,-60.0,141.0,0,right_hard,0,0,71.70915734912477,81.70373717310837,76.98328610654413,81.38904116557198
6,1.629,42.0,56.0,861.0,957.0,0.9264091858037579,926.0,60.0,102.0,0,right_hard,0,0,62.05883907902658,76.52410962861657,68.31080046288872,72.18841075050891
7,1.879,7.0,22.0,780.0,891.0,1.0029411764705882,1002.0,101.0,60.0,0,right_hard,0,0,58.97480713310976,65.12084078027398,60.751434727046465,60.85910727504148
8,2.129,19.0,22.0,819.0,890.0,0.9742857142857143,974.0,71.0,71.0,0,right_hard,0,0,58.071012601979554,52.06235626102935,54.09607963745881,49.11939091718111
9,2.38,35.0,32.0,33.0,33.0,-0.018796992481203006,-18.0,180.0,-180.0,1,recover,0,0,53.40171335838828,39.58181667062992,46.13727050271627,40.574432256842094
10,2.629,712.0,962.0,775.0,44.0,-0.43943040513437626,-439.0,136.0,82.0,0,left_soft,0,0,48.12088158562652,28.213792291460578,40.851037997273096,33.00258323339234
11,2.88,35.0,36.0,52.0,617.0,1.1905405405405405,1190.0,60.0,137.0,0,right_soft,0,0,37.56921108846744,19.63767949564815,39.70613440699839,28.787108883356723
12,3.131,24.0,804.0,853.0,31.0,0.02044392523364486,20.0,171.0,83.0,0,straight,0,0,26.423391055729454,27.465773106441024,32.386654721472524,31.304893620602932
13,3.382,900.0,312.0,32.0,33.0,-1.1280344557556774,-1128.0,123.0,-60.0,0,left_hard,0,0,27.355244161907088,39.72379199114652,32.26528918546474,36.56955606393354
14,3.632,16.0,803.0,785.0,36.0,0.012804878048780487,12.0,0.0,255.0,0,right_soft,0,0,32.71465889630262,50.140464327855305,35.42037357354948,42.6544021669768
15,3.882,39.0,25.0,32.0,31.0,-0.06692913385826772,-66.0,-180.0,180.0,1,recover,0,0,45.32805513114011,52.546757247586655,42.96864438163613,49.897348521449615
16,4.133,780.0,787.0,743.0,33.0,-0.48762270593256507,-487.0,130.0,82.0,0,left_soft,0,0,58.32254936203716,51.748079999999995,53.72572283264882,55.598770553075376
17,4.384,885.0,907.0,872.0,50.0,-0.4679439941046426,-467.0,61.0,147.0,0,left_soft,0,0,71.32505425792041,51.79128,68.06289156305185,56.68354604919625
18,4.634,864.0,740.0,27.0,25.0,-0.9752415458937198,-975.0,60.0,132.0,0,left_hard,0,0,84.20561169137363,50.386374431965606,85.08137859204469,53.05335495705058
19,4.885,134.0,939.0,638.0,44.0,-0.16267806267806267,-162.0,60.0,201.0,0,straight,0,0,96.83939442599429,49.69358386128507,96.731405812769,46.53038653576755
20,5.137,632.0,820.0,61.0,12.0,-0.858688524590164,-858.0,77.0,95.0,0,left_hard,0,0,103.15055783275942,39.77538615262652,105.23550300675295,38.50222746957909
21,5.388,987.0,170.0,50.0,55.0,-1.1553090332805072,-1155.0,60.0,77.0,0,left_hard,0,0,103.25759262305266,27.609708450099255,105.4088879777671,28.35072626139102
22,5.639,932.0,781.0,32.0,29.0,-0.9746335963923337,-974.0,123.0,-60.0,0,left_hard,0,0,98.70430933474091,18.116063567734827,100.74180092722152,22.274086047463825
23,5.889,38.0,40.0,868.0,942.0,0.9375,937.0,74.0,72.0,0,right_hard,0,0,87.32412219490303,11.622476278408202,90.16430182714699,14.93022776964135
24,6.14,832.0,887.0,736.0,37.0,-0.5088282504012841,-508.0,173.0,60.0,0,left_soft,0,0,74.15088410416665,13.980092482794774,73.78514754096202,11.772457525823894
25,6.39,947.0,872.0,44.0,32.0,-0.9427440633245383,-942.0,130.0,-60.0,0,left_hard,0,0,61.157392339658166,14.65335209399366,59.71277444139086,10.70059524514696
26,6.64,461.0,898.0,677.0,36.0,-0.361003861003861,-361.0,198.0,0.0,0,left_soft,0,0,48.19716144638311,13.416606050797688,43.64546192976843,11.11941665296033
27,6.89,713.0,934.0,496.0,29.0,-0.5732044198895028,-573.0,0.0,211.0,0,left_soft,0,0,35.242799055972455,14.289263654807542,32.56777356915504,12.996899566161117
28,7.14,44.0,838.0,777.0,25.0,-0.03503562945368171,-35.0,124.0,132.0,0,straight,0,0,22.26342044019487,14.379143500663172,22.753365107696865,17.689182857044536
29,7.391,19.0,32.0,859.0,961.0,0.9762159273115981,976.0,102.0,60.0,0,right_hard,0,0,9.643194369207064,19.547105677139868,17.965743066611466,25.115990870747435
30,7.641,895.0,752.0,26.0,27.0,-0.9794117647058823,-979.0,60.0,134.0,0,left_hard,0,0,11.964546596721142,33.21823638782897,13.959008371329553,33.81803804271597
31,7.892,934.0,657.0,25.0,27.0,-1.0203895313451004,-1020.0,80.0,60.0,0,left_hard,0,0,11.55721394171122,46.09841969617584,10.604354517253908,45.14334484981006
32,8.142,839.0,779.0,68.0,20.0,-0.9284876905041032,-928.0,60.0,103.0,0,left_hard,0,0,11.287354491398665,59.03423175577,8.784561997705092,57.88864671976508
33,8.392,14.0,813.0,750.0,20.0,-0.014088916718847839,-14.0,88.0,166.0,0,straight,0,0,9.558688172584413,72.04850934475603,6.625945216394372,70.87105081140044
34,8.643,10.0,75.0,804.0,443.0,0.7612612612612613,761.0,191.0,-60.0,0,right_hard,0,0,8.744355431855736,85.18468393190587,7.314255512833225,84.86357304464055
35,8.893,21.0,32.0,855.0,914.0,0.9610318331503842,961.0,102.0,60.0,0,right_hard,0,0,10.592310656140004,98.45943601942429,13.026753171942804,96.64965733398722
36,9.144,35.0,307.0,889.0,464.0,0.5513274336283186,551.0,0.0,162.0,0,right_hard,0,0,20.982483362477424,107.49624446853048,20.02014458891868,104.73952387266058
37,9.395,938.0,72.0,29.0,27.0,-1.302063789868668,-1302.0,-60.0,112.0,0,left_hard,0,0,34.33789703945902,105.49563046457553,31.56917591381313,109.31974045590496
38,9.645,21.0,332.0,851.0,498.0,0.572855464159812,572.0,0.0,171.0,0,right_hard,0,0,47.14613692934936,109.83551999999999,46.54529866761176,112.56348743398318
39,9.895,19.0,817.0,740.0,30.0,-0.0136986301369863,-13.0,62.0,190.0,0,straight,0,0,60.148641825232566,108.57191999999998,61.79111988035412,111.98260618589237
40,10.147,43.0,73.0,903.0,834.0,0.8642741500269833,864.0,87.0,61.0,0,right_hard,0,0,73.15114672111575,110.46623999999998,76.95943840143069,110.48919600099187
41,10.397,8.0,89.0,784.0,834.0,0.925072886297376,925.0,168.0,-60.0,0,right_hard,0,0,86.19928435169776,110.53708496627037,88.34270629985825,108.35527059637866
42,10.648,40.0,45.0,920.0,979.0,0.9304435483870968,930.0,111.0,60.0,0,right_hard,1,1,98.87120843746894,109.40904103380358,94.8902664424881,105.3444212154189
43,10.899,512.0,740.0,795.0,23.0,-0.34106280193236715,-341.0,225.0,0.0,0,left_soft,1,0,98.93347542963853,106.6181473434634,103.29506714558794,101.19486691547309
44,11.149,879.0,33.0,26.0,26.0,-1.3309128630705394,-1330.0,60.0,79.0,0,left_hard,1,0,108.07803928952424,100.24345207562396,105.50511789284413,96.78077289603586
45,11.399,914.0,703.0,31.0,29.0,-0.9919499105545617,-991.0,119.0,-60.0,0,left_hard,1,0,107.75309948906363,91.58926006747456,102.66473246850202,97.35180930437492
46,11.649,885.0,838.0,38.0,28.0,-0.942146450531023,-942.0,68.0,74.0,0,left_hard,1,0,98.07118840362142,86.92737351687693,96.25016857647448,94.1975600761999
47,11.899,143.0,905.0,67.0,30.0,-0.5139737991266375,-513.0,166.0,0.0,0,left_hard,1,0,85.58413157111077,85.62550881710328,87.63771539520938,89.82619284708503
48,12.149,35.0,839.0,908.0,113.0,0.07994722955145118,79.0,147.0,105.0,0,straight,1,0,72.93635277102163,83.7714247889943,76.2996003390693,82.83679298475592
49,12.4,35.0,36.0,40.0,47.0,0.12658227848101267,126.0,180.0,-180.0,1,recover,1,0,61.715443794983365,78.88021302393923,67.3193216338171,75.31543327289994
50,12.651,42.0,840.0,829.0,62.0,0.013818386914833615,13.0,255.0,0.0,0,straight,1,0,57.05102618373124,67.39222046566891,59.96174100168393,63.294914131814764
51,12.901,34.0,19.0,25.0,48.0,0.19047619047619047,190.0,180.0,-180.0,1,recover,1,0,56.64720449526071,54.685368818423754,53.347774358734746,52.89005809337871
52,13.153,953.0,847.0,38.0,41.0,-0.9433209153805215,-943.0,60.0,146.0,0,left_hard,1,0,51.99417638583923,42.65960177008532,49.755152861625405,41.0397513362154
53,13.405,771.0,207.0,25.0,27.0,-1.1718446601941748,-1171.0,82.0,60.0,0,left_hard,1,0,48.36490152207544,31.313298627655524,42.93979484943555,32.14950995066677
54,13.657,905.0,653.0,38.0,31.0,-0.9947756607252612,-994.0,-60.0,138.0,0,left_hard,1,0,40.237463668461864,24.714442255908967,38.76741798855098,29.324383462150458
55,13.908,793.0,38.0,21.0,23.0,-1.3297142857142856,-1329.0,60.0,88.0,0,left_hard,1,0,30.445741859134532,26.826979543671857,33.75167715569426,28.60809312838851
56,14.159,758.0,32.0,31.0,33.0,-1.2740046838407495,-1274.0,-60.0,90.0,0,left_hard,1,0,27.351834313401913,36.281480548829244,32.07938020734796,32.8630124767322
57,14.409,926.0,572.0,35.0,35.0,-1.0235969387755102,-1023.0,137.0,-60.0,0,left_hard,1,0,30.83534561104704,45.99706637315452,34.26906732814635,41.96830719815307
58,14.659,521.0,862.0,859.0,116.0,-0.2582697201017812,-258.0,0.0,229.0,0,left_soft,1,0,40.84853472229695,51.8276977915598,39.45918972883975,48.09456278500145
59,14.91,25.0,821.0,873.0,65.0,0.04820627802690583,48.0,207.0,0.0,0,left_hard,1,0,53.4844080054295,52.903679999999994,48.94981067772825,54.28370052883569
60,15.16,25.0,770.0,821.0,36.0,0.025423728813559324,25.0,207.0,60.0,0,straight,1,0,66.1845290665247,52.85399999999999,62.41643167414766,56.19452594913124
61,15.412,25.0,791.0,813.0,27.0,0.008454106280193236,8.0,69.0,185.0,0,straight,1,0,78.88450259693948,52.743217582318074,77.38383673107377,54.17530620623875
62,15.664,971.0,110.0,44.0,48.0,-1.2084398976982098,-1208.0,-60.0,135.0,0,left_hard,1,0,91.11395977152348,49.124641595652875,91.3067818168423,48.3961249672713
63,15.916,374.0,33.0,33.0,33.0,-1.0813953488372092,-1081.0,-60.0,103.0,0,recover,1,0,100.46991688874596,44.24484781215558,101.26071409125804,40.26603518768192
64,16.166,27.0,35.0,101.0,907.0,1.2644859813084113,1264.0,60.0,60.0,0,right_hard,1,0,108.60893709221185,33.84013160906567,109.06060351047287,34.00565123885758
65,16.418,20.0,96.0,896.0,556.0,0.7678571428571429,767.0,180.0,-60.0,0,right_soft,1,0,105.61026376488266,20.532908691568856,102.94693993124098,25.535623968738903
66,16.668,983.0,577.0,35.0,33.0,-1.0417690417690417,-1041.0,67.0,67.0,0,left_hard,1,0,93.63494354317757,16.738499843961527,96.25180491424531,17.85565988723666
67,16.918,788.0,623.0,15.0,14.0,-1.0173611111111112,-1017.0,-60.0,150.0,0,left_hard,1,0,81.32055868138636,15.407653206918571,84.09759891985598,11.985709319756293
68,17.169,794.0,828.0,67.0,19.0,-0.9033957845433255,-903.0,153.0,-60.0,0,left_hard,1,0,68.68519447179801,14.672512694753957,68.72408819207821,10.989734755624388
69,17.42,67.0,881.0,906.0,61.0,0.0018276762402088772,1.0,120.0,138.0,0,straight,1,0,56.04344070855774,12.59784,52.266467600884724,9.30394992771207
70,17.671,35.0,821.0,846.0,481.0,0.31218506642235455,312.0,0.0,238.0,0,right_soft,1,0,43.33136452914681,12.058365391293137,40.52174912898253,10.94292467187432
71,17.921,40.0,53.0,922.0,940.0,0.9127877237851663,912.0,-60.0,153.0,0,right_hard,1,0,30.507235431943215,11.407353652887362,29.620106318377168,14.193559851700568
72,18.171,955.0,851.0,42.0,42.0,-0.9386243386243386,-938.0,80.0,70.0,0,left_hard,1,0,18.633754921768645,17.10206350871158,21.964939062648998,20.58191748242761
73,18.421,811.0,32.0,26.0,19.0,-1.3412162162162162,-1341.0,98.0,60.0,0,left_hard,1,0,13.63319122618077,24.58303265276435,15.191152695093802,25.744879910463748
74,18.672,877.0,275.0,21.0,16.0,-1.1930193439865433,-1193.0,60.0,108.0,0,left_hard,1,0,12.230594350760486,36.79657019317332,12.07956869055436,35.601813613009774
75,18.923,50.0,796.0,709.0,12.0,-0.06413529036375239,-64.0,113.0,141.0,0,straight,1,0,9.440187601187649,49.374815783260026,8.892595989612865,47.68599954085307
76,19.173,19.0,42.0,912.0,954.0,0.9535547483134406,953.0,85.0,60.0,0,right_hard,1,0,7.248520405802596,62.09021957392901,8.207651684181917,61.16141152425741
77,19.423,19.0,32.0,796.0,911.0,0.9783845278725825,978.0,101.0,60.0,0,right_hard,1,0,7.517269690515818,74.89641290725459,7.961872047769882,74.44247777755253
78,19.674,19.0,25.0,847.0,868.0,0.957646389994315,957.0,77.0,65.0,0,right_hard,1,0,8.564518324907967,87.63392774402301,9.250520157480242,87.1253089629966
79,19.924,845.0,646.0,21.0,23.0,-1.0068403908794787,-1006.0,-60.0,150.0,0,left_hard,1,0,15.336575099838171,99.05553251960055,14.176167417684745,97.57369260688495
80,20.174,25.0,42.0,914.0,899.0,0.9292553191489362,929.0,153.0,-60.0,0,right_hard,1,0,22.600235413763208,108.73794957849657,21.689137202474168,107.28675933288777
81,20.424,16.0,29.0,784.0,822.0,0.9609327680193822,960.0,-60.0,146.0,0,right_hard,1,0,35.52146098719684,110.47130029049272,34.306052635510056,110.88836306975023
82,20.674,6.0,21.0,725.0,872.0,1.0166256157635467,1016.0,137.0,-60.0,0,right_hard,1,0,48.35567226850121,110.79455999999998,48.49614347640704,114.01296788440861
83,20.924,4.0,19.0,743.0,889.0,1.020845921450151,1020.0,155.0,-60.0,0,right_hard,1,0,61.05579332959645,110.80319999999999,63.7885290739715,113.31137592146405
84,21.174,26.0,40.0,879.0,957.0,0.9547844374342797,954.0,130.0,60.0,0,right_hard,1,0,73.7559143906918,110.66063999999999,77.9852708482135,110.52583086228813
85,21.426,14.0,772.0,747.0,736.0,0.4717937417364478,471.0,0.0,204.0,0,right_soft,1,0,86.478846183539,109.54969650405366,89.99212183572574,107.93399344636418
86,21.677,38.0,42.0,843.0,953.0,0.9450959488272921,945.0,163.0,-60.0,0,right_hard,2,1,98.87642220148848,109.44101878645677,94.6728373686308,105.9655217380576
87,21.927,17.0,822.0,791.0,28.0,0.0006031363088057901,0.0,106.0,128.0,0,straight,2,0,99.08694325307718,107.3385418609113,104.1321455403125,100.20768020519418
88,22.179,890.0,57.0,33.0,29.0,-1.2918731417244798,-1291.0,103.0,60.0,0,left_hard,2,0,108.07966613261924,100.35991570602066,105.49033977614576,97.03789069621156
89,22.428,978.0,843.0,48.0,36.0,-0.9503937007874016,-950.0,144.0,-60.0,0,left_hard,2,0,108.15927883830588,91.97062457291361,103.05924233397899,97.88828581526514
90,22.678,763.0,44.0,21.0,25.0,-1.3112543962485346,-1311.0,60.0,69.0,0,left_hard,2,0,98.66649908398568,87.81191398425554,95.4644410357186,92.26637500659153
91,22.929,19.0,29.0,728.0,815.0,0.9701445631678189,970.0,117.0,60.0,0,right_hard,2,0,86.80327521761794,82.44884187791631,88.04430666783001,89.87441118976717
92,23.181,40.0,856.0,931.0,57.0,0.03343949044585987,33.0,60.0,211.0,0,straight,2,0,74.36861950966077,83.9664697429207,77.36973506422981,83.01909157406034
93,23.431,0.0,322.0,780.0,299.0,0.48358315488936476,483.0,218.0,0.0,0,right_soft,2,0,63.41576207012142,79.44333752695738,68.81412342993546,74.94453368544697
94,23.681,38.0,49.0,915.0,953.0,0.9235294117647059,923.0,-60.0,144.0,0,right_hard,2,0,59.27943526498364,69.00551193508578,62.87440556813541,64.19656756536229
95,23.931,39.0,40.0,889.0,1000.0,0.948170731707317,948.0,127.0,60.0,0,right_hard,2,0,58.464885893921455,56.883225743084594,56.391084487964456,53.5914362682903
96,24.181,23.0,35.0,45.0,898.0,1.3161838161838162,1316.0,121.0,-60.0,0,right_hard,2,0,57.30919968327175,44.16284442846169,52.8472920010143,43.67688596564573
97,24.432,835.0,38.0,35.0,44.0,-1.2478991596638656,-1247.0,-60.0,90.0,0,left_hard,2,0,49.277569001654406,33.623547402683336,43.86639557312115,32.96497707480909
98,24.684,16.0,32.0,876.0,571.0,0.8391304347826087,839.0,173.0,-60.0,0,right_hard,2,0,44.53417160661123,22.011973528207108,38.35045886369166,30.459875447355902
99,24.934,26.0,34.0,35.0,43.0,0.18840579710144928,188.0,180.0,-180.0,1,recover,2,0,31.495024365029803,22.53032758135228,33.81804665006068,31.514562615482795
100,25.184,84.0,744.0,766.0,23.0,-0.049783549783549784,-49.0,243.0,0.0,0,left_soft,2,0,24.991225672795597,32.55948321809536,31.480119508189443,33.4871911287656
101,25.434,14.0,21.0,25.0,148.0,0.9759615384615384,975.0,180.0,-180.0,1,recover,2,0,24.931880894925715,45.66314644962933,32.694219270123625,41.338100954602176
102,25.685,23.0,887.0,833.0,762.0,0.43173652694610776,431.0,193.0,0.0,0,right_hard,2,0,36.26767702592428,52.618604563622156,38.78692224230088,48.01047849853732
103,25.937,19.0,17.0,19.0,27.0,0.15853658536585366,158.0,180.0,-180.0,1,recover,2,0,48.86192529939551,53.13133171155541,44.82495864187952,53.64839537703676
104,26.187,15.0,25.0,859.0,842.0,0.9520390580126364,952.0,97.0,60.0,0,right_hard,2,0,61.277664111101565,54.85632,58.41572077314066,55.63560973573562
105,26.437,14.0,23.0,32.0,883.0,1.3739495798319328,1373.0,112.0,-60.0,0,right_hard,2,0,73.68914605717187,55.765679999999996,75.12837716954726,56.675887221662926
106,26.688,852.0,807.0,732.0,27.0,-0.5272952853598015,-527.0,0.0,220.0,0,right_soft,2,0,85.9961249765507,51.22254357449104,85.10960550628901,52.3074773363058
107,26.938,323.0,687.0,438.0,15.0,-0.4008885850991114,-400.0,0.0,238.0,0,straight,2,0,97.58968048336278,48.71261482540742,97.69665532930098,45.019478464813744
108,27.189,936.0,918.0,57.0,46.0,-0.9021461420541645,-902.0,-60.0,143.0,0,left_hard,2,0,103.20873074495701,39.17960377533432,105.5881871734642,38.34366908102339
109,27.441,903.0,38.0,33.0,36.0,-1.2900990099009901,-1290.0,60.0,75.0,0,left_hard,2,0,102.96777612602183,27.64191028310268,105.10394348239207,27.838178855807147
110,27.692,39.0,66.0,906.0,826.0,0.8712574850299402,871.0,146.0,-60.0,0,right_hard,2,0,101.35234796975303,15.068367002686701,100.52087262454023,22.24090410897115
111,27.942,14.0,34.0,808.0,653.0,0.8916500994035785,891.0,75.0,91.0,0,right_hard,2,0,88.55036824203813,11.82813723619048,90.66769880195042,14.7579505898061
112,28.194,947.0,99.0,38.0,33.0,-1.2547000895255147,-1254.0,-60.0,130.0,0,left_hard,2,0,75.85263440172504,15.64221025265751,76.68913957583395,9.462810796477317
113,28.445,854.0,749.0,25.0,25.0,-0.9712643678160919,-971.0,135.0,-60.0,0,left_hard,2,0,63.52047004613222,14.746719958130626,62.359667148444565,10.353331501968306
114,28.697,10.0,736.0,743.0,42.0,0.03363814500326584,33.0,200.0,60.0,0,straight,2,0,51.136575753134494,12.52872,46.82296055864123,9.713459844377054
115,28.947,48.0,110.0,1000.0,1000.0,0.8679332715477294,867.0,60.0,116.0,0,right_hard,2,0,38.64515754037792,11.022210321451526,35.99574477715866,12.209469616427974
116,29.197,25.0,85.0,838.0,883.0,0.9085199344620426,908.0,60.0,131.0,0,right_hard,2,0,26.10483070379124,11.828569422558326,26.747904407171784,15.964097143527619
117,29.447,23.0,53.0,915.0,220.0,0.5999174236168456,599.0,0.0,162.0,0,right_hard,2,0,13.676380371918999,15.451197558417782,17.673758231684474,20.40953439027168
118,29.697,902.0,69.0,29.0,27.0,-1.2974683544303798,-1297.0,60.0,61.0,0,left_hard,2,0,13.08912165728321,28.096774263683947,13.969976521471983,28.510511960541788
119,29.949,744.0,912.0,870.0,31.0,-0.42647633946030505,-426.0,87.0,129.0,0,left_soft,2,0,10.418768286741564,40.18138418754266,9.888240112741226,40.25198236896985
120,30.199,930.0,843.0,44.0,26.0,-0.9525230602278894,-952.0,60.0,101.0,0,left_hard,2,0,11.340599217044888,52.56045288784674,9.767567815241396,51.57041967985104
121,30.451,36.0,909.0,859.0,49.0,-0.0029681597409606042,-2.0,221.0,60.0,0,straight,2,0,9.334162587728851,64.96014891124807,6.422814716671784,64.33896249913542
122,30.702,25.0,808.0,808.0,25.0,0.0,0.0,194.0,60.0,0,straight,2,0,9.783849686785464,77.36194902472805,6.227349687491989,77.0818268676178
123,30.952,17.0,768.0,809.0,27.0,0.02190006169031462,21.0,135.0,121.0,0,straight,2,0,10.894673638051845,89.72098281214615,8.422780938742825,88.90794245524724
124,31.202,10.0,19.0,466.0,851.0,1.1032689450222883,1103.0,137.0,-60.0,0,right_hard,2,0,12.114327145871794,102.89026094099593,15.834619213540151,100.37776880292017
125,31.452,7.0,702.0,733.0,36.0,0.039918809201623814,39.0,0.0,254.0,0,right_soft,2,0,24.754787035432958,107.25647813405669,22.745775657833715,106.00554234920091
126,31.702,686.0,7.0,8.0,12.0,-1.417251051893408,-1417.0,-60.0,110.0,0,left_hard,2,0,37.19268392022676,105.41248807394447,34.57536136823821,109.56262940785436
127,31.952,882.0,636.0,23.0,23.0,-1.0198209718670077,-1019.0,60.0,98.0,0,left_hard,2,0,49.510228728600836,106.39895999999999,49.89600795502286,113.08300417276384
128,32.202,784.0,721.0,33.0,19.0,-0.957931920359666,-957.0,164.0,-60.0,0,left_hard,2,0,61.92171067467115,106.53287999999998,64.51687699814516,113.2319291610982
129,32.454,54.0,924.0,885.0,36.0,-0.02448657187993681,-24.0,134.0,122.0,0,straight,2,0,74.33319262074156,108.54815999999998,76.94367930185237,110.16335488654691
130,32.704,16.0,744.0,842.0,511.0,0.3745858968291529,374.0,0.0,229.0,0,right_soft,2,0,86.76307015537807,109.33352584076495,89.17138382025442,107.26749001862481
131,32.955,25.0,34.0,477.0,976.0,1.08994708994709,1089.0,141.0,-60.0,0,right_hard,3,1,98.92647433607608,109.74800521192736,95.97874726493939,105.97014863054912
132,33.205,868.0,858.0,449.0,33.0,-0.6598731884057971,-659.0,0.0,200.0,0,left_soft,3,0,98.7903588083673,105.9463424855501,104.8624752957129,100.44953357269092
133,33.455,31.0,24.0,25.0,27.0,-0.0514018691588785,-51.0,-180.0,180.0,1,recover,3,0,110.41976752636948,101.70293822906066,105.5732824672467,97.7387254874762
134,33.706,928.0,448.0,36.0,35.0,-1.0680718728403593,-1068.0,-60.0,141.0,0,left_hard,3,0,107.35457732387835,91.37685436763002,102.46783816014181,95.42613765983094
135,33.956,765.0,738.0,751.0,23.0,-0.48594642072902944,-485.0,94.0,122.0,0,left_soft,3,0,97.27859444656842,85.84611287969791,93.43766388778297,93.63559144992982
136,34.206,966.0,919.0,61.0,48.0,-0.905717151454363,-905.0,102.0,60.0,0,left_hard,3,0,84.3500534655284,86.44368722280826,86.42653299899422,89.73935195335942
137,34.458,8.0,840.0,741.0,16.0,-0.02336448598130841,-23.0,60.0,202.0,0,straight,3,0,71.41769639983592,83.80037561476674,75.67394187713292,81.01562167595945
138,34.707,21.0,27.0,31.0,36.0,0.21304347826086956,213.0,180.0,-180.0,1,recover,3,0,60.78129419915116,77.38418258267575,66.13175998848251,73.80874116655622
139,34.957,930.0,990.0,673.0,22.0,-0.581453154875717,-581.0,177.0,0.0,0,left_soft,3,0,55.56599567662287,65.38819854156705,58.722457366569834,62.31063220203748
140,35.207,52.0,72.0,944.0,969.0,0.8892979872361315,889.0,98.0,60.0,0,right_hard,3,0,57.88878576334763,52.08476918770601,53.801598230657085,49.420367516904264
141,35.458,889.0,913.0,44.0,43.0,-0.9017998941238751,-901.0,-60.0,157.0,0,left_hard,3,0,51.5314714472565,39.95586505285626,48.588561192541555,39.091706850240165
142,35.709,483.0,680.0,30.0,19.0,-0.8424092409240924,-842.0,-60.0,180.0,0,left_hard,3,0,47.45732875879045,28.77693662465861,42.888347935124756,31.059328248877705
143,35.959,816.0,27.0,21.0,23.0,-1.3444193912063134,-1344.0,60.0,96.0,0,left_hard,3,0,37.334219520884375,25.10550516145607,36.39141965715632,27.63523070577906
144,36.21,25.0,821.0,796.0,33.0,-0.00029850746268656717,0.0,198.0,0.0,0,left_hard,3,0,26.461497217932436,27.48612403767672,32.23535941453159,31.769481951587274
145,36.46,890.0,89.0,27.0,29.0,-1.2777777777777777,-1277.0,-60.0,110.0,0,left_hard,3,0,27.67129865266994,39.66304565170916,32.23079917999631,34.89652519577435
146,36.711,682.0,881.0,912.0,74.0,-0.3517065515888584,-351.0,198.0,0.0,0,left_soft,3,0,33.1126608670745,49.464908351150406,33.94084971739734,44.98497871903882
147,36.961,778.0,25.0,19.0,19.0,-1.3573127229488704,-1357.0,-60.0,119.0,0,left_hard,3,0,45.45191249764543,49.76096547840136,42.80735207550254,48.38275286841584
148,37.211,23.0,27.0,568.0,912.0,1.0483660130718955,1048.0,93.0,60.0,0,right_hard,3,0,58.32254936203716,55.06367999999999,56.49611512974914,55.187223408352565
149,37.463,38.0,44.0,52.0,776.0,1.220879120879121,1220.0,-60.0,119.0,0,right_hard,3,0,71.32505425792041,55.435199999999995,72.44055783756558,55.65798453986244
150,37.715,21.0,41.0,878.0,895.0,0.9425068119891008,942.0,77.0,65.0,0,right_hard,3,0,84.43319669670834,54.52083536221357,84.55731823677199,53.27674333502716
151,37.965,4.0,17.0,726.0,821.0,1.0076530612244898,1007.0,159.0,-60.0,0,right_hard,3,0,97.97900311530648,51.94681729746242,96.93641356352468,47.548824678391554
152,38.217,27.0,896.0,882.0,43.0,0.0091991341991342,9.0,61.0,151.0,0,straight,3,0,104.96187953946034,40.250984589581506,103.38476086109672,38.2263534940104
153,38.467,887.0,26.0,31.0,33.0,-1.3085977482088025,-1308.0,60.0,90.0,0,left_hard,3,0,102.92913392641773,27.646203860836465,105.09430143863062,27.68595935875025
154,38.717,38.0,279.0,902.0,322.0,0.47858533419857235,478.0,0.0,171.0,0,right_soft,3,0,100.31793266240338,15.42669135496406,99.49577275758786,20.031277565920156
155,38.969,917.0,892.0,38.0,30.0,-0.9363345764517848,-936.0,60.0,102.0,0,left_hard,3,0,86.99934719218706,15.655099228798038,90.40125126518373,15.205737450204852
156,39.22,35.0,27.0,23.0,28.0,-0.11061946902654868,-110.0,-180.0,180.0,1,recover,3,0,74.17621992471004,13.120785902698128,74.50573727599448,10.132094957778746
157,39.471,848.0,903.0,44.0,23.0,-0.916941694169417,-916.0,98.0,60.0,0,left_hard,3,0,61.15812241880388,14.59719683970307,60.052864356865726,9.953443075338246
158,39.721,632.0,578.0,42.0,12.0,-0.9477848101265823,-947.0,-60.0,175.0,0,left_hard,3,0,48.22205682640467,14.682121201893708,45.23573830054525,9.023971755801972
159,39.971,38.0,926.0,920.0,42.0,0.001557632398753894,1.0,195.0,60.0,0,straight,3,0,35.18692325367937,13.050683370644219,31.185195935889233,13.466780162030508
160,40.221,38.0,125.0,948.0,301.0,0.5708215297450425,570.0,0.0,166.0,0,right_soft,3,0,22.03903900801529,13.091940610790395,22.10276156771667,16.520398434542024
161,40.471,781.0,855.0,43.0,20.0,-0.9108298999411418,-910.0,-60.0,180.0,0,left_hard,3,0,13.512484032766666,20.821514574264658,18.298950314613954,24.558214126197324
162,40.723,880.0,46.0,21.0,23.0,-1.3381443298969071,-1338.0,115.0,-60.0,0,left_hard,3,0,12.737734002383757,33.27729931465042,12.01133954172934,33.04207663519048
163,40.973,918.0,808.0,25.0,25.0,-0.9746621621621622,-974.0,82.0,60.0,0,left_hard,3,0,11.457879592931475,46.096162097339935,10.750980642278476,45.465452483905224
164,41.223,49.0,886.0,781.0,25.0,-0.05083285468121769,-50.0,140.0,114.0,0,straight,3,0,9.390934216468356,59.04928271033294,7.242688882168198,57.718586897012216
165,41.475,340.0,890.0,310.0,25.0,-0.48722044728434505,-487.0,0.0,213.0,0,left_soft,3,0,10.579871886891826,72.0166684271607,7.901718391504689,70.80196363318557
166,41.727,14.0,38.0,842.0,778.0,0.9258373205741627,925.0,145.0,60.0,0,right_hard,3,0,8.391883767078276,85.22003507232601,8.439288581165702,84.69685890270472
167,41.977,21.0,27.0,783.0,872.0,0.9715208455666471,971.0,112.0,60.0,0,right_hard,3,0,10.571767568270536,98.46609943344195,13.038321727009116,96.54373624775816
168,42.227,40.0,907.0,859.0,41.0,-0.012181916621548458,-12.0,0.0,254.0,0,straight,3,0,21.327199204951217,106.33004484824775,19.75254802733826,104.63438416711953
169,42.477,52.0,25.0,27.0,30.0,-0.23880597014925373,-238.0,-180.0,180.0,1,recover,3,0,34.18502038871287,107.7887802257679,31.450017663893515,110.32596633099683
170,42.727,48.0,869.0,882.0,50.0,0.005137912385073012,5.0,0.0,213.0,0,right_hard,3,0,47.14613692934936,108.61079999999998,45.730349216584216,112.57717765526101
171,42.978,25.0,804.0,692.0,28.0,-0.03324725629438347,-33.0,60.0,224.0,0,straight,3,0,60.148641825232566,108.52871999999999,61.91603439453749,111.72480702745828
172,43.228,46.0,625.0,920.0,186.0,0.20118176702307258,201.0,0.0,193.0,0,right_soft,3,0,73.15114672111575,109.03415999999999,75.85356279357285,109.59776332525213
173,43.478,4.0,19.0,718.0,847.0,1.0163727959697733,1016.0,139.0,-60.0,0,right_hard,3,0,86.20384250705125,110.73359210817563,88.41542231918247,108.2011616028746
174,43.729,42.0,38.0,104.0,954.0,1.2311072056239016,1231.0,60.0,72.0,0,right_hard,4,1,98.97583130212776,110.05072793704423,97.58328552283628,105.20897509691149
175,43.979,5.0,727.0,753.0,27.0,0.03042328042328042,30.0,231.0,60.0,0,straight,4,0,99.10044482112164,107.40191967769559,103.88736235805841,100.40817812091271
176,44.229,873.0,27.0,30.0,25.0,-1.330366492146597,-1330.0,60.0,100.0,0,left_hard,4,0,108.13026638587228,100.15846493301804,105.40764827362838,96.56999159534321
177,44.479,844.0,751.0,62.0,25.0,-0.9351961950059453,-935.0,-60.0,164.0,0,left_hard,4,0,107.56493733734055,91.18127605120793,102.95031875415106,95.94718504591265
178,44.73,38.0,37.0,35.0,44.0,0.05194805194805195,51.0,-180.0,180.0,1,recover,4,0,97.40644765019682,84.69543404704217,94.43768525148582,92.96656071242039
179,44.982,20.0,32.0,855.0,874.0,0.9503088152723189,950.0,75.0,77.0,0,right_hard,4,0,84.45343436599408,82.43822855513547,86.01575182988374,88.83446872490933
180,45.233,25.0,877.0,709.0,29.0,-0.0475609756097561,-47.0,82.0,170.0,0,straight,4,0,71.41055858066967,83.85172186231755,75.72843920836229,81.30282480075968
181,45.484,33.0,33.0,35.0,46.0,0.13945578231292516,139.0,180.0,-180.0,1,recover,4,0,60.64870188342776,77.47344681633686,66.08373956960907,73.80615066844298
182,45.735,904.0,40.0,24.0,25.0,-1.3358509566968781,-1335.0,-60.0,121.0,0,left_hard,4,0,53.94234195698223,65.51554393134279,59.38025537683314,58.81223146568216
183,45.985,35.0,853.0,859.0,36.0,0.0025238362310712283,2.0,190.0,64.0,0,straight,4,0,55.98719510609444,52.31865466961415,52.20136518667332,49.27424714489423
184,46.236,22.0,29.0,44.0,842.0,1.3207043756670225,1320.0,123.0,-60.0,0,right_hard,4,0,56.235669957589096,39.01502535078977,50.22391973218328,39.721647630385256
185,46.486,25.0,42.0,863.0,774.0,0.9002347417840375,900.0,-60.0,150.0,0,right_hard,4,0,50.325589365114084,26.342699829544543,42.13180419840603,31.4072050894124
186,46.737,901.0,38.0,31.0,28.0,-1.3156312625250501,-1315.0,60.0,60.0,0,left_hard,4,0,37.33690884821662,25.042929413899465,36.214572382661316,27.970604868524696
187,46.987,921.0,55.0,24.0,27.0,-1.3208373904576436,-1320.0,60.0,86.0,0,left_hard,4,0,28.976503923329158,28.829285499232824,32.8627533951269,29.706982179681305
188,47.238,862.0,172.0,27.0,27.0,-1.2178308823529411,-1217.0,108.0,60.0,0,left_hard,4,0,27.54402838793322,39.68750726490541,32.262075295562056,35.445080802295074
189,47.49,88.0,946.0,942.0,571.0,0.28366705928543384,283.0,200.0,0.0,0,right_hard,4,0,32.4175279484261,50.64480501569835,35.880535214191354,45.55114415936277
190,47.739,794.0,315.0,28.0,33.0,-1.0982905982905984,-1098.0,-60.0,128.0,0,left_hard,4,0,45.42706427307155,50.3198501168359,43.36533054326309,49.16733555566567
191,47.99,871.0,76.0,30.0,33.0,-1.2673267326732673,-1267.0,-60.0,144.0,0,left_soft,4,0,58.32254936203716,50.06328,54.61967483255152,53.08318661947238
192,48.241,170.0,966.0,534.0,36.0,-0.2444314185228605,-244.0,189.0,0.0,0,left_soft,4,0,71.32505425792041,52.27296,69.0734834010827,56.8657785942743
193,48.491,14.0,826.0,851.0,66.0,0.05150825270347183,51.0,160.0,92.0,0,straight,4,0,84.32741775056685,52.59918450730959,83.13725805913771,53.19272539779589
194,48.742,940.0,147.0,36.0,36.0,-1.2178602243313201,-1217.0,76.0,60.0,0,left_hard,4,0,95.810919518189,47.66008405361432,96.11737191456317,45.75586088177292
195,48.992,899.0,76.0,33.0,31.0,-1.2738209817131858,-1273.0,60.0,65.0,0,left_hard,4,0,102.2835468658841,39.547735228363166,103.69635545449835,37.02837597437072
196,49.242,915.0,813.0,31.0,31.0,-0.9592178770949721,-959.0,60.0,88.0,0,left_hard,4,0,103.67836324096409,27.562956159220203,106.40223957497538,29.710725173710888
197,49.492,930.0,93.0,31.0,31.0,-1.2714285714285714,-1271.0,-60.0,117.0,0,left_hard,4,0,98.37425001771904,18.66616242943794,99.91236873939879,19.42487573331006
198,49.743,33.0,36.0,842.0,942.0,0.9533189422558014,953.0,153.0,-60.0,0,right_hard,4,0,87.32689656759038,11.588027817539947,89.71616916397467,15.647015248940976
199,49.993,653.0,887.0,592.0,23.0,-0.5069605568445475,-506.0,0.0,211.0,0,left_soft,4,0,74.15101141984776,13.9757743592767,74.57477717207396,10.558216701616542
200,50.244,492.0,782.0,520.0,20.0,-0.4625137816979052,-462.0,0.0,213.0,0,left_soft,4,0,61.170870723886594,13.616639707090432,59.02411060188436,8.646077734406287
201,50.495,15.0,228.0,859.0,851.0,0.8036354326676908,803.0,184.0,0.0,0,right_soft,4,0,48.147710555009226,10.902852405958495,44.92429152735014,10.921438007743246
202,50.747,33.0,36.0,758.0,976.0,0.9847476428175264,984.0,132.0,60.0,0,right_hard,4,0,35.09123350863738,10.929560688880194,33.452269983050044,13.32906231703434
203,50.998,923.0,74.0,35.0,36.0,-1.2640449438202248,-1264.0,-60.0,128.0,0,left_hard,4,0,22.719229994159665,16.993973833974977,22.962274776508828,16.123000431849626
204,51.248,9.0,616.0,795.0,263.0,0.2795603089720737,279.0,0.0,213.0,0,right_soft,4,0,11.073149244870397,20.018082878251203,17.051233737212605,24.042457021741075
205,51.498,20.0,864.0,781.0,46.0,-0.0014611338398597311,-1.0,0.0,232.0,0,straight,4,0,9.85820319076561,33.05733515542959,12.59144862455576,33.07223405885448
206,51.748,6.0,38.0,834.0,840.0,0.959837019790454,959.0,153.0,-60.0,0,right_hard,4,0,7.283677501817386,46.00129386799644,10.056270954518821,45.69913244229176
207,51.998,25.0,43.0,901.0,936.0,0.9425196850393701,942.0,60.0,97.0,0,right_hard,4,0,7.248281696273749,59.06628788906465,8.519763256432203,57.75597092633771
208,52.249,14.0,24.0,753.0,817.0,0.9757462686567164,975.0,166.0,-60.0,0,right_hard,4,0,7.423485860850727,72.115085808819,7.315812987683879,72.06485380991933
209,52.501,27.0,40.0,887.0,968.0,0.9547346514047866,954.0,110.0,60.0,0,right_hard,4,0,8.329556460501776,85.22628618861982,8.803537507931555,85.01046729023057
210,52.751,33.0,128.0,895.0,532.0,0.7128463476070529,712.0,198.0,0.0,0,right_soft,4,0,11.103833544089753,98.2935170103843,11.512729715107977,96.4998272109061
211,53.002,771.0,597.0,10.0,16.0,-1.0229555236728838,-1022.0,60.0,127.0,0,left_hard,4,0,21.94560595610313,104.23792830031603,20.88343922735952,104.82536937418298
212,53.253,23.0,34.0,876.0,885.0,0.9427942794279428,942.0,60.0,102.0,0,right_hard,4,0,34.015476734689884,110.33193503611282,32.40695461350379,110.87199363717097
213,53.503,16.0,450.0,821.0,47.0,0.17391304347826086,173.0,0.0,222.0,0,right_hard,4,0,47.14613692934936,108.97367999999999,45.35888389874853,111.58671848778553
214,53.755,44.0,822.0,916.0,63.0,0.04092140921409214,40.0,0.0,213.0,0,right_hard,4,0,60.148641825232566,108.68639999999998,61.22320018198775,111.92697519423017
215,54.006,19.0,659.0,829.0,74.0,0.10594560404807084,105.0,0.0,193.0,0,right_hard,4,0,73.15114672111575,108.82679999999999,75.81759899484011,109.39546210918034
216,54.256,50.0,909.0,876.0,59.0,-0.0015839493136219642,-1.0,144.0,114.0,0,straight,4,0,86.15290136425473,108.53746284094872,87.0223807006993,107.60054058372386
217,54.507,25.0,40.0,817.0,966.0,0.974025974025974,974.0,80.0,60.0,0,right_hard,5,1,98.88650214525961,109.50284244158627,95.05837804553147,105.24588074174632
218,54.758,877.0,800.0,44.0,27.0,-0.9456521739130435,-945.0,-60.0,171.0,0,left_hard,5,0,98.66164385967681,105.34214063220669,105.79511155534372,100.21993349131424
219,55.008,19.0,23.0,25.0,25.0,0.10869565217391304,108.0,-180.0,180.0,1,recover,5,0,110.88027093912724,101.62785705522114,105.52975697949668,97.73320003005647
220,55.258,734.0,854.0,804.0,40.0,-0.43832236842105265,-438.0,0.0,225.0,0,right_soft,5,0,107.9214423877477,90.00054447613424,100.8221716459371,96.0144210121684
221,55.509,610.0,964.0,477.0,44.0,-0.5214797136038186,-521.0,168.0,0.0,0,left_soft,5,0,96.378085620125,85.83473515425655,93.74715678535479,94.37674103653052
222,55.76,19.0,870.0,794.0,25.0,-0.016978922716627636,-16.0,100.0,156.0,0,straight,5,0,83.13146256456997,84.48556007602495,83.90645339456223,87.90912900673057
223,56.01,23.0,27.0,31.0,42.0,0.24796747967479674,247.0,180.0,-180.0,1,recover,5,0,69.98094171075024,82.95296802566524,73.66086501542,82.40441701174421
224,56.262,471.0,957.0,898.0,46.0,-0.2811973018549747,-281.0,0.0,229.0,0,left_soft,5,0,58.89687883149314,76.26546058441318,65.244086655994,70.34643880180901
225,56.513,20.0,44.0,772.0,833.0,0.9487717195925705,948.0,60.0,95.0,0,right_hard,5,0,58.74896456291622,63.0135687074741,59.356127307271784,58.52047445376997
226,56.764,25.0,32.0,44.0,847.0,1.3069620253164558,1306.0,123.0,-60.0,0,right_hard,5,0,58.40858646146898,49.337322517347694,54.95189557539257,47.68791885947167
227,57.016,21.0,25.0,464.0,893.0,1.0887384176764077,1088.0,-60.0,128.0,0,right_hard,5,0,55.198667965177584,36.33326596533796,48.096219826885495,36.751366111872336
228,57.266,882.0,819.0,41.0,25.0,-0.9476513865308432,-947.0,73.0,81.0,0,left_hard,5,0,45.333623661534304,27.01056913040009,41.24593683366429,31.35550284170464
229,57.516,73.0,25.0,27.0,31.0,-0.3974358974358974,-397.0,-180.0,180.0,1,recover,5,0,34.11570687713967,23.2147335603731,35.134950339825934,28.79018761205103
230,57.768,866.0,58.0,27.0,30.0,-1.2940876656472986,-1294.0,-60.0,121.0,0,left_hard,5,0,27.890613827856455,31.725265280348744,32.36485284625752,30.65488854148354
231,58.018,104.0,840.0,881.0,456.0,0.24046470846120122,240.0,227.0,0.0,0,left_soft,5,0,25.96386727515752,44.27164434860668,32.966704668941745,40.179996534302816
232,58.268,917.0,721.0,27.0,27.0,-0.9940898345153665,-994.0,121.0,-60.0,0,left_hard,5,0,37.38245722044751,49.737192310176574,37.921249762956535,47.08770366871691
233,58.519,16.0,721.0,724.0,26.0,0.01109616677874916,11.0,225.0,60.0,0,straight,5,0,50.077058452452704,52.82376,46.15201434282729,52.37827363479759
234,58.77,321.0,916.0,135.0,31.0,-0.5883820384889522,-588.0,0.0,204.0,0,left_soft,5,0,63.39669761408922,51.52992,61.67004331378508,55.29502924907133
235,59.021,16.0,706.0,881.0,82.0,0.11068249258160237,110.0,255.0,0.0,0,straight,5,0,76.71968849396447,53.00596937334279,74.08467879205602,55.68149235230263
236,59.271,712.0,29.0,36.0,42.0,-1.222832722832723,-1222.0,126.0,-60.0,0,left_hard,5,0,89.62856713941395,49.3337389017561,89.09724229307785,49.77512530724823
237,59.521,10.0,32.0,40.0,796.0,1.347380410022779,1347.0,121.0,-60.0,0,right_hard,5,0,103.91224809227408,48.31819571448192,103.52367267075705,43.855332484930074
238,59.771,33.0,40.0,868.0,974.0,0.9532637075718016,953.0,70.0,72.0,0,right_hard,5,0,107.91953853699438,34.109486931597175,106.41944780333549,34.19609746618032
239,60.022,871.0,53.0,40.0,45.0,-1.234390485629336,-1234.0,93.0,60.0,0,left_hard,5,0,101.56357531108598,22.082067868418847,103.11403851451229,23.543512079220047
240,60.274,11.0,25.0,829.0,828.0,0.9613112817483757,961.0,60.0,122.0,0,right_hard,5,0,93.52099502951329,12.314811954368816,95.57954761148581,17.03732393765137
241,60.524,2.0,36.0,749.0,800.0,0.9788909892879647,978.0,100.0,60.0,0,right_hard,5,0,79.99353667369995,11.025075887380444,82.1090866748234,12.152329123156484
242,60.774,33.0,51.0,929.0,1000.0,0.938648782911078,938.0,60.0,91.0,0,right_hard,5,0,66.6010096141357,10.662981836009818,66.28718862352423,9.76291831898031
243,61.026,27.0,550.0,937.0,872.0,0.6123218776194468,612.0,0.0,162.0,0,right_soft,5,0,53.255609256122135,11.27808,51.03033926690031,10.042825720476978
244,61.277,15.0,623.0,878.0,50.0,0.11494252873563218,114.0,145.0,67.0,0,straight,5,0,39.92810402627516,12.592467271177798,34.95426277573724,11.422336788544753
245,61.527,122.0,843.0,222.0,26.0,-0.37469084913437756,-374.0,222.0,0.0,0,left_soft,5,0,26.75577171065919,14.53706350902828,26.613237392947497,16.382903286529007
246,61.777,890.0,38.0,10.0,14.0,-1.3949579831932772,-1394.0,-60.0,119.0,0,left_hard,5,0,15.347065330487888,19.464594988211108,18.3140640834753,20.433579178084404
247,62.028,4.0,701.0,725.0,20.0,0.02482758620689655,24.0,94.0,160.0,0,straight,5,0,10.094221986885639,29.25866596082786,13.307456951176096,30.213026023713432
248,62.28,19.0,843.0,808.0,97.0,0.056310130164119974,56.0,230.0,60.0,0,straight,5,0,9.312917055450674,42.55803519216804,9.898277244689442,42.13838105157869
249,62.531,8.0,32.0,819.0,856.0,0.9711370262390671,971.0,143.0,60.0,0,right_hard,5,0,7.168484102205007,55.86723564805147,8.85609617216488,54.59301461414166
250,62.781,24.0,91.0,881.0,728.0,0.8416473317865429,841.0,-60.0,157.0,0,right_hard,5,0,7.623833132077129,69.2532433903384,7.295932295593997,67.69981349958432
251,63.031,36.0,52.0,916.0,932.0,0.9173553719008265,917.0,73.0,71.0,0,right_hard,5,0,8.1558919160221,82.69390135346123,8.15906913082934,82.36962848200932
252,63.282,35.0,567.0,895.0,148.0,0.2027355623100304,202.0,0.0,191.0,0,right_hard,5,0,11.61841462740639,95.76272439767794,10.385836307537772,93.64220487605543
253,63.533,902.0,774.0,31.0,33.0,-0.9626436781609196,-962.0,68.0,74.0,0,left_hard,5,0,20.21652855459023,103.76405504682239,19.50364271525266,104.62121700513966
254,63.784,25.0,78.0,851.0,767.0,0.8712957582800698,871.0,148.0,-60.0,0,right_hard,5,0,32.443518773062074,110.07343741649849,30.054517486698177,111.1800125135264
255,64.035,20.0,785.0,817.0,37.0,0.025015069318866788,25.0,0.0,255.0,0,straight,5,0,45.87759986633635,108.654,44.362949594834944,112.00548746679257
256,64.285,23.0,645.0,842.0,81.0,0.11659333752357008,116.0,88.0,160.0,0,straight,5,0,59.19723902797284,108.85055999999999,59.98488432833004,111.996082183779
257,64.537,10.0,685.0,804.0,67.0,0.09259259259259259,92.0,0.0,211.0,0,right_soft,5,0,72.51687818960927,108.79871999999999,75.29149831667004,109.44874399269845
258,64.787,35.0,640.0,855.0,78.0,0.10696517412935323,106.0,220.0,0.0,0,right_hard,5,0,85.84121197018625,108.77587491811781,86.19110045680581,107.77019457163395
259,65.037,20.0,57.0,918.0,605.0,0.8175,817.0,60.0,158.0,0,right_hard,6,1,98.8319314151884,109.16814196381621,93.89702578902575,104.081554816295
260,65.287,945.0,263.0,36.0,29.0,-1.1684996072270228,-1168.0,-60.0,128.0,0,left_hard,6,0,98.56128220387968,104.87103219411027,104.69818671122584,99.17367768763424
261,65.537,754.0,21.0,23.0,23.0,-1.3343483556638247,-1334.0,-60.0,92.0,0,left_hard,6,0,108.07123789383921,100.23813029337069,105.35078679635318,96.40941577842493
262,65.789,904.0,91.0,27.0,31.0,-1.2739791073124407,-1273.0,60.0,101.0,0,left_hard,6,0,107.27433332693106,91.96581734500953,101.93549678467402,94.82694839775519
263,66.039,73.0,32.0,27.0,27.0,-0.449685534591195,-449.0,-180.0,180.0,1,recover,6,0,98.188784727108,85.86900660549767,94.69600371577656,92.93886064664375
264,66.29,23.0,27.0,894.0,876.0,0.9412087912087912,941.0,123.0,60.0,0,right_hard,6,0,85.65658858808249,82.48570474832898,86.66024448006173,89.46046437286209
265,66.54,38.0,117.0,896.0,579.0,0.7368098159509202,736.0,-60.0,148.0,0,right_hard,6,0,73.04009108483987,82.35623732213297,76.74564755028986,81.8448940502929
266,66.791,19.0,33.0,50.0,940.0,1.3339731285988483,1333.0,60.0,68.0,0,right_hard,6,0,63.60617340804002,77.08534898864704,71.9499688136836,73.78186435883505
267,67.043,904.0,909.0,699.0,29.0,-0.5578512396694215,-557.0,0.0,209.0,0,left_soft,6,0,55.830806239994104,67.55628365138146,60.19243271729961,62.7656050816594
268,67.294,23.0,38.0,820.0,859.0,0.9454022988505747,945.0,83.0,61.0,0,right_hard,6,0,58.27055458288646,54.52975886961261,54.927346386034735,51.20982487893431
269,67.545,36.0,40.0,57.0,866.0,1.2547547547547548,1254.0,106.0,60.0,0,right_hard,6,0,56.637903961489556,41.68197491205368,51.75456269903226,40.98711625784921
270,67.795,16.0,19.0,73.0,851.0,1.3342022940563087,1334.0,95.0,60.0,0,right_hard,6,0,53.08412006966157,28.668683722956324,46.12655550629504,33.386121124683854
271,68.046,691.0,700.0,26.0,7.0,-0.9571629213483146,-957.0,-60.0,168.0,0,left_hard,6,0,40.256643170086356,24.63686974443442,38.83172681536521,28.94976210191127
272,68.297,25.0,27.0,31.0,31.0,0.09649122807017543,96.0,-180.0,180.0,1,recover,6,0,28.496097109731327,24.445658375208872,33.72827023088751,29.80835979150904
273,68.547,932.0,591.0,40.0,33.0,-1.0175438596491229,-1017.0,-60.0,139.0,0,left_hard,6,0,26.796715460541403,36.28109572195352,32.93044135013696,34.17356682288906
274,68.798,6.0,8.0,17.0,20.0,0.5,500.0,-180.0,180.0,1,recover,6,0,28.590736909202725,48.402004267987735,33.97004616599638,40.871321167214255
275,69.049,915.0,926.0,654.0,31.0,-0.5787806809184481,-578.0,0.0,216.0,0,right_soft,6,0,40.91274921813177,51.13948891465472,39.47226807060543,48.40041150049999
276,69.301,834.0,838.0,840.0,475.0,-0.17994643454971543,-179.0,252.0,0.0,0,left_soft,6,0,53.4844080054295,52.41336,49.6888878043043,55.78392586618445
277,69.551,33.0,482.0,853.0,57.0,0.15543859649122807,155.0,252.0,0.0,0,straight,6,0,66.1845290665247,53.1348,61.62347624177413,55.94847612043294
278,69.802,35.0,941.0,909.0,42.0,-0.002854177477944992,-2.0,60.0,205.0,0,straight,6,0,78.88378696792284,52.7216294403158,77.20899193212671,54.401962348685935
279,70.052,801.0,36.0,34.0,33.0,-1.2754424778761062,-1275.0,73.0,60.0,0,left_hard,6,0,91.0907942734576,48.981787690913244,90.85529780536021,48.40618790718942
280,70.302,932.0,53.0,42.0,42.0,-1.2539756782039289,-1253.0,123.0,-60.0,0,left_hard,6,0,100.173305255101,44.02113225796573,100.34988140101028,41.842283936717536
281,70.552,940.0,344.0,33.0,33.0,-1.122962962962963,-1122.0,119.0,-60.0,0,left_hard,6,0,103.46458591229703,33.52885907807502,105.24955893920806,33.81120900735345
282,70.802,832.0,36.0,35.0,35.0,-1.275053304904051,-1275.0,62.0,60.0,0,left_hard,6,0,101.61334366564272,22.39813807121408,103.15188077160836,23.59090816117635
283,71.053,14.0,70.0,821.0,760.0,0.8975975975975976,897.0,60.0,112.0,0,right_hard,6,0,94.41820979577373,12.626352017831737,96.16575371033517,17.504907998736325
284,71.303,10.0,727.0,701.0,74.0,0.05489417989417989,54.0,200.0,60.0,0,straight,6,0,81.4385339916201,13.097303381507869,82.55763807524313,12.643647153589566
285,71.553,23.0,44.0,910.0,936.0,0.9422373235755358,942.0,155.0,-60.0,0,right_hard,6,0,68.80264318763356,10.689043749331065,68.30983455924859,10.745597333675255
286,71.805,10.0,36.0,835.0,845.0,0.9571263035921205,957.0,80.0,64.0,0,right_hard,6,0,56.04344070855774,10.53288,53.49512083083209,9.345866245057715
287,72.057,20.0,30.0,922.0,807.0,0.9142776840921866,914.0,155.0,-60.0,0,right_hard,6,0,43.30578941178678,10.758296925491424,39.18739272574611,11.6034223364431
288,72.307,126.0,961.0,582.0,43.0,-0.18341121495327103,-183.0,0.0,254.0,0,straight,6,0,30.694197469073405,13.765152676695822,29.19854555308379,13.792205696164016
289,72.557,832.0,32.0,19.0,13.0,-1.3783482142857142,-1378.0,-60.0,112.0,0,left_hard,6,0,18.883014846451672,18.01885191707356,20.44969943069633,17.914663494442113
290,72.807,881.0,110.0,22.0,19.0,-1.2955426356589148,-1295.0,119.0,-60.0,0,left_hard,6,0,13.535611871326346,24.5643195122729,14.756860321923927,26.647475592518308
291,73.058,890.0,862.0,50.0,23.0,-0.935068493150685,-935.0,60.0,110.0,0,left_hard,6,0,11.67388581127454,36.77133925059427,12.842730260039112,37.05894733882429
292,73.308,35.0,949.0,870.0,33.0,-0.02252252252252252,-22.0,120.0,118.0,0,straight,6,0,9.349469001155242,49.37431179103762,8.423012210166512,48.17920221708606
293,73.56,9.0,27.0,731.0,831.0,0.9918648310387985,991.0,60.0,83.0,0,right_hard,6,0,7.166442990714497,62.09087098198527,8.336802139067691,60.72546380675872
294,73.81,14.0,38.0,860.0,860.0,0.9480812641083521,948.0,72.0,70.0,0,right_hard,6,0,7.581951716586417,74.892504630095,7.436529647383468,74.24241086970989
295,74.06,38.0,39.0,864.0,950.0,0.941565309360127,941.0,60.0,113.0,0,right_hard,6,0,8.59890580439845,87.6304788522747,9.407720501751403,86.98531634238454
296,74.312,932.0,826.0,23.0,25.0,-0.9756367663344407,-975.0,-60.0,157.0,0,left_hard,6,0,15.273731320979923,99.07864747274382,14.273324445062109,98.02413321470688
297,74.562,25.0,34.0,49.0,929.0,1.314850530376085,1314.0,126.0,-60.0,0,right_hard,6,0,22.400888893361937,109.5453029861217,24.64252106664473,107.33141573028942
298,74.813,16.0,33.0,804.0,874.0,0.9684423856398379,968.0,75.0,65.0,0,right_hard,6,0,35.52031153869499,110.48854201802048,34.01381328232848,111.46040365351418
299,75.065,14.0,27.0,781.0,900.0,0.9907084785133565,990.0,60.0,112.0,0,right_hard,6,0,48.35567226850121,110.73839999999998,48.72853818032496,113.04464930306237
300,75.316,17.0,330.0,859.0,118.0,0.31419939577039274,314.0,0.0,186.0,0,right_soft,6,0,61.05579332959645,109.27823999999998,61.86406878993175,110.98966312668679
301,75.566,19.0,40.0,817.0,905.0,0.9643458731049972,964.0,164.0,-60.0,0,right_hard,6,0,73.7559143906918,110.68224,77.49450759190262,111.05670261159013
302,75.818,16.0,130.0,827.0,832.0,0.871191135734072,871.0,-60.0,171.0,0,right_hard,6,0,86.49888203124658,110.41346416078008,88.87478215294048,106.91751548996476
303,76.068,48.0,44.0,44.0,50.0,0.016129032258064516,16.0,180.0,-180.0,1,recover,7,1,98.55351641654487,107.46052997213592,92.79240349821285,106.65437049420522
